,0
0,5.0
1,9.0
2,9.0
3,13.0
4,16.0
5,17.0
6,32.0
7,28.0
8,28.0
9,26.0
10,42.0
11,46.0
12,28.0
13,41.0
14,62.0
15,54.0
16,67.0
17,92.0
18,75.0
19,105.0
20,118.0
21,124.0
22,128.0
23,146.0
24,196.0
25,208.0
26,186.0
27,235.0
28,255.0
29,300.0
30,375.0
31,341.0
32,419.0
33,472.0
34,539.0
35,605.0
36,641.0
37,777.0
38,859.0
39,917.0
40,1064.0
41,1143.0
42,1301.0
43,1431.0
44,1659.0
45,1772.0
46,1976.0
47,2288.0
48,2550.0
49,2794.0
50,3020.0
51,3316.0
52,3577.0
53,4015.0
54,4406.0
55,4728.0
56,5262.0
57,5636.0
58,6081.0
59,6474.0
60,7037.0
61,7332.0
62,7933.0
63,8383.0
64,8953.0
65,9444.0
66,9609.0
67,10037.0
68,10300.0
69,10598.0
70,10517.0
71,10642.0
72,10852.0
73,10805.0
74,10654.0
75,10497.0
76,10253.0
77,9997.0
78,9518.0
79,9234.0
80,8939.0
81,8452.0
82,8238.0
83,7645.0
84,7249.0
85,6843.0
86,6479.0
87,5863.0
88,5487.0
89,5202.0
90,4780.0
91,4518.0
92,4153.0
93,3799.0
94,3595.0
95,3145.0
96,3116.0
97,2786.0
98,2551.0
99,2385.0
100,2239.0
101,2055.0
102,1810.0
103,1665.0
104,1551.0
105,1423.0
106,1372.0
107,1196.0
108,1175.0
109,1038.0
110,905.0
111,902.0
112,801.0
113,759.0
114,751.0
115,599.0
116,611.0
117,528.0
118,502.0
119,450.0
120,446.0
121,427.0
122,369.0
123,345.0
124,301.0
125,296.0
126,285.0
127,222.0
128,209.0
129,226.0
130,180.0
131,192.0
132,165.0
133,140.0
134,156.0
135,129.0
136,128.0
137,100.0
138,92.0
139,86.0
140,89.0
141,90.0
142,80.0
143,78.0
144,64.0
145,63.0
146,58.0
147,41.0
148,49.0
149,41.0
150,51.0
151,36.0
152,27.0
153,33.0
154,29.0
155,22.0
156,21.0
157,29.0
158,27.0
159,30.0
160,22.0
161,20.0
162,19.0
163,8.0
164,14.0
165,14.0
166,9.0
167,9.0
168,4.0
169,9.0
170,11.0
171,10.0
172,14.0
173,7.0
174,1.0
175,3.0
176,8.0
177,5.0
178,7.0
179,4.0
180,9.0
181,4.0
182,2.0
183,2.0
184,4.0
185,1.0
186,0.0
187,2.0
188,2.0
189,1.0
190,1.0
191,2.0
192,1.0
193,0.0
194,0.0
195,0.0
196,1.0
197,0.0
198,0.0
199,1.0
200,1.0
201,0.0
202,2.0
203,0.0
204,1.0
205,0.0
206,0.0
207,1.0
208,0.0
209,0.0
210,0.0
211,0.0
212,0.0
213,0.0
214,0.0
215,0.0
216,0.0
217,0.0
